name,im_x,im_y,view_x,view_y,fov_deg,px_per_deg,scale_to_drive,scale_to_stare,scale_to_drive2
ours,2392,2048,2249,2044,55,40.89,0.291289956,0.452073938,0.745071884
drive,565,584,536,536,45,11.91,1,1.551972281,2.557835821
stare,700,605,647,552,35,18.49,0.644341405,1,1.648119526
chase,999,960,914,914,30,30.47,0.390955507,0.60675211,1
